date,symbol,source,action,entry_price,target_pct,target_price,exit_price,realized_return_pct,buy_at_ms,sell_at_ms
2026-09-30,TATVA,SEED,BUY,1797.000000,2.390000,1839.948300,1813.000000,0.890000,1790746740000,1790747520000
2026-09-30,MARINE,SEED,BUY,440.950000,3.190000,455.016305,437.000000,-0.900000,1790740920000,1790744160000
2026-09-29,EMUDHRA,SEED,BUY,639.150000,3.260000,659.986290,646.000000,1.070000,1790658360000,1790660220000
2026-09-29,RPTECH,SEED,BUY,873.500000,2.800000,897.958000,877.500000,0.460000,1790654280000,1790654820000
2026-09-28,SOLARA,SEED,BUY,733.000000,3.680000,759.974400,738.000000,0.680000,1790568420000,1790569500000
2026-09-25,TATVA,SEED,BUY,1768.500000,3.480000,1830.043800,1790.000000,1.220000,1790319120000,1790320200000
2026-09-25,TALBROAUTO,SEED,BUY,465.500000,2.690000,478.021950,467.500000,0.430000,1790308500000,1790310180000
2026-09-24,EXIDEIND,SEED,BUY,430.000000,1.160000,434.988000,427.400000,-0.600000,1790225220000,1790231100000
2026-09-24,EMIL,SEED,BUY,192.300000,2.440000,196.992120,192.450000,0.080000,1790222880000,1790224740000
2026-09-23,VIJAYA,SEED,BUY,1532.800000,2.750000,1574.952000,1552.000000,1.250000,1790149620000,1790151060000
2026-09-23,SOLARA,SEED,BUY,754.500000,3.380000,780.002100,747.000000,-0.990000,1790137140000,1790140740000
2026-09-22,ARTEMISMED,SEED,BUY,341.000000,3.520000,353.003200,344.100000,0.910000,1790052900000,1790057700000
2026-09-21,VIJAYA,SEED,BUY,1559.900000,2.250000,1594.997750,1571.800000,0.760000,1789977540000,1789978080000
2026-09-21,TECHNOCRAF,SEED,BUY,442.000000,2.940000,454.994800,436.000000,-1.360000,1789963260000,1789969740000
2026-09-18,UNIPARTS,SEED,BUY,873.500000,2.460000,894.988100,869.000000,-0.520000,1789705320000,1789706040000
2026-09-18,SHYAMMETL,SEED,BUY,1088.000000,3.400000,1124.992000,1098.000000,0.920000,1789703760000,1789704300000
2026-09-17,ADANIGREEN,SEED,BUY,1274.400000,1.220000,1289.947680,1265.000000,-0.740000,1789621200000,1789632300000
2026-09-17,SKYGOLD,SEED,BUY,796.500000,2.950000,819.996750,801.200000,0.590000,1789617960000,1789619040000
2026-09-16,UNIPARTS,SEED,BUY,845.000000,2.960000,870.012000,834.000000,-1.300000,1789531200000,1789532040000
2026-09-15,PERNIASPOP,SEED,BUY,552.050000,4.160000,575.015280,560.000000,1.440000,1789446900000,1789447560000
2026-09-11,UNIPARTS,SEED,BUY,895.000000,2.230000,914.958500,895.300000,0.030000,1789104000000,1789117080000
2026-09-11,GOODLUCK,SEED,BUY,516.000000,3.680000,534.988800,521.000000,0.970000,1789099380000,1789101900000
2026-09-10,SHYAMMETL,SEED,BUY,1080.000000,2.780000,1110.024000,1085.000000,0.460000,1789025520000,1789031520000
2026-09-10,UNIPARTS,SEED,BUY,897.000000,3.680000,930.009600,905.000000,0.890000,1789013640000,1789021500000
2026-09-09,KAYNES,SEED,BUY,3606.000000,1.500000,3660.090000,3628.000000,0.610000,1788928380000,1788933600000
2026-09-09,UNIPARTS,SEED,BUY,897.000000,3.680000,930.009600,907.000000,1.110000,1788928260000,1788929400000
2026-09-09,SKIPPER,SEED,BUY,608.000000,3.620000,630.009600,615.500000,1.230000,1788926460000,1788927960000
2026-09-08,VIJAYA,SEED,BUY,1505.000000,2.660000,1545.033000,1508.000000,0.200000,1788846780000,1788853920000
2026-09-08,SAPPHIRE,SEED,BUY,225.700000,2.790000,231.997030,228.180000,1.100000,1788844380000,1788845040000
2026-09-08,NITINSPIN,SEED,BUY,623.000000,3.530000,644.991900,636.000000,2.090000,1788841560000,1788843900000
2026-09-07,ENGINERSIN,SEED,BUY,281.200000,4.200000,293.010400,280.100000,-0.390000,1788756000000,1788758580000
2026-09-07,MANGLMCEM,SEED,BUY,1090.500000,2.710000,1120.052550,1102.000000,1.050000,1788754260000,1788755100000
2026-09-04,SRF,SEED,BUY,2557.000000,0.700000,2574.899000,2549.000000,-0.310000,1788507420000,1788513360000
2026-09-04,UNIPARTS,SEED,BUY,891.000000,3.250000,919.957500,894.200000,0.360000,1788494220000,1788498420000
2026-09-03,TECHNOCRAF,SEED,BUY,375.500000,3.330000,388.004150,379.500000,1.070000,1788408180000,1788408660000
2026-09-02,TEXRAIL,SEED,BUY,113.100000,2.030000,115.395930,114.300000,1.060000,1788325920000,1788333780000
2026-09-02,TECHNOCRAF,SEED,BUY,375.000000,2.670000,385.012500,379.000000,1.070000,1788321600000,1788325860000
2026-09-01,SHYAMMETL,SEED,BUY,1090.000000,3.210000,1124.989000,1095.000000,0.460000,1788235140000,1788241560000
2026-08-28,UNIMECH,SEED,BUY,1490.300000,2.660000,1529.941980,1503.000000,0.850000,1787891340000,1787892120000
2026-08-27,TARSONS,SEED,BUY,340.500000,5.730000,360.010650,337.000000,-1.030000,1787805180000,1787814480000
2026-08-26,VIJAYA,SEED,BUY,1483.900000,3.110000,1530.049290,1490.000000,0.410000,1787717220000,1787724120000
2026-08-25,SUDEEPPHRM,SEED,BUY,1120.100000,1.780000,1140.037780,1111.000000,-0.810000,1787637840000,1787644680000
2026-08-25,TBOTEK,SEED,BUY,1702.500000,3.380000,1760.044500,1732.000000,1.730000,1787630400000,1787631480000
2026-08-24,VIJAYA,SEED,BUY,1488.200000,3.480000,1539.989360,1501.000000,0.860000,1787544360000,1787545680000
2026-08-21,RSL,SEED,BUY,165.110000,2.360000,169.006596,165.970000,0.520000,1787284560000,1787285640000
2026-08-20,TALBROAUTO,SEED,BUY,424.500000,3.650000,439.994250,418.000000,-1.530000,1787198400000,1787199780000
2026-08-19,KABRAEXTRU,SEED,BUY,510.250000,3.870000,529.996675,503.500000,-1.320000,1787112000000,1787127780000
2026-08-19,EXIDEIND,SEED,BUY,466.250000,1.230000,471.984875,463.000000,-0.700000,1787114460000,1787116800000
2026-08-18,DELHIVERY,SEED,BUY,452.350000,1.250000,458.004375,451.000000,-0.300000,1787036220000,1787041860000
2026-08-18,EMIL,SEED,BUY,192.500000,2.860000,198.005500,194.200000,0.880000,1787026080000,1787027280000
2026-08-17,AEGISLOG,SEED,BUY,1289.200000,1.230000,1305.057160,1288.000000,-0.090000,1786947120000,1786957260000
2026-08-17,UNIPARTS,SEED,BUY,819.850000,3.070000,845.019395,821.600000,0.210000,1786939440000,1786943820000
2026-08-14,SHADOWFAX,SEED,BUY,250.770000,2.880000,257.992176,251.050000,0.110000,1786679520000,1786687080000
2026-08-13,ARTEMISMED,SEED,BUY,318.400000,5.210000,334.988640,322.500000,1.290000,1786593060000,1786594740000
2026-08-12,HEG,SEED,BUY,683.550000,4.600000,714.993300,677.800000,-0.840000,1786507200000,1786526760000
2026-08-11,SCHNEIDER,SEED,BUY,1386.500000,1.690000,1409.931850,1397.000000,0.760000,1786429800000,1786437900000
2026-08-11,PRUDENT,SEED,BUY,3396.800000,3.040000,3500.062720,3335.000000,-1.820000,1786420680000,1786430100000
2026-08-11,RRKABEL,SEED,BUY,2772.500000,2.430000,2839.871750,2790.000000,0.630000,1786423680000,1786424940000
2026-08-10,ARTEMISMED,SEED,BUY,320.000000,4.690000,335.008000,324.800000,1.500000,1786336500000,1786339140000
2026-08-10,RRKABEL,SEED,BUY,2760.100000,2.890000,2839.866890,2789.000000,1.050000,1786334100000,1786334700000
2026-08-07,RRKABEL,SEED,BUY,2765.000000,1.990000,2820.023500,2766.000000,0.040000,1786087680000,1786093020000
2026-08-07,CYIENTDLM,SEED,BUY,670.000000,4.480000,700.016000,677.000000,1.040000,1786074900000,1786077300000
2026-08-06,GSPCROP,SEED,BUY,595.000000,3.870000,618.026500,598.300000,0.550000,1785998160000,1786000980000
2026-08-06,PARAS,SEED,BUY,1305.000000,4.210000,1359.940500,1335.000000,2.300000,1785988620000,1785990660000
2026-08-05,AEGISLOG,SEED,BUY,1386.300000,3.800000,1438.979400,1404.500000,1.310000,1785901980000,1785902820000
2026-08-04,ARTEMISMED,SEED,BUY,301.600000,4.440000,314.991040,304.000000,0.800000,1785828780000,1785833880000
2026-08-04,BLUESTONE,SEED,BUY,794.700000,2.550000,814.964850,800.800000,0.770000,1785815580000,1785816120000
2026-08-03,LANDMARK,SEED,BUY,541.150000,5.330000,569.993295,557.000000,2.930000,1785729240000,1785729780000
2026-07-31,LASERPOWER,SEED,BUY,300.500000,3.160000,309.995800,308.500000,2.660000,1785469620000,1785470160000
2026-07-30,KARURVYSYA,SEED,BUY,340.000000,4.410000,354.994000,341.300000,0.380000,1785383700000,1785384540000
2026-07-29,NELCO,SEED,BUY,969.800000,3.110000,999.960780,979.800000,1.030000,1785296880000,1785297600000
2026-07-28,EMCURE,SEED,BUY,1926.800000,2.240000,1969.960320,1948.000000,1.100000,1785212520000,1785213060000
2026-07-27,THANGAMAYL,SEED,BUY,6980.000000,2.720000,7169.856000,7060.000000,1.150000,1785124980000,1785125880000
2026-07-24,ESAFSFB,SEED,BUY,35.580000,6.800000,37.999440,36.930000,3.790000,1784865180000,1784865480000
2026-07-23,AEGISLOG,SEED,BUY,1366.000000,2.490000,1400.013400,1387.000000,1.540000,1784778720000,1784779080000
2026-07-22,SAGILITY,SEED,BUY,41.300000,5.330000,43.501290,41.260000,-0.100000,1784707500000,1784713620000
2026-07-22,ESAFSFB,SEED,BUY,36.190000,5.000000,37.999500,37.200000,2.790000,1784692740000,1784692980000
2026-07-21,INDIACEM,SEED,BUY,409.650000,1.060000,413.992290,407.500000,-0.520000,1784621040000,1784626620000
2026-07-21,IOB,SEED,BUY,35.840000,6.030000,38.001152,35.400000,-1.230000,1784609400000,1784626560000
2026-07-21,LODHA,SEED,BUY,1187.000000,2.360000,1215.013200,1191.700000,0.400000,1784605740000,1784609460000
2026-07-20,ANTHEM,SEED,BUY,796.000000,5.530000,840.018800,796.000000,0.000000,1784524140000,1784539980000
2026-07-20,LODHA,SEED,BUY,1182.000000,2.280000,1208.949600,1189.700000,0.650000,1784519520000,1784520360000
2026-07-17,EXIDEIND,SEED,BUY,432.000000,5.320000,454.982400,434.000000,0.460000,1784270520000,1784278500000
2026-07-17,CORDELIA,SEED,BUY,820.000000,2.440000,840.008000,837.000000,2.070000,1784260560000,1784260800000
2026-07-16,VOLTAS,SEED,BUY,1389.000000,3.670000,1439.976300,1377.000000,-0.860000,1784181720000,1784194560000
2026-07-16,PAISALO,SEED,BUY,72.880000,2.910000,75.000808,73.930000,1.440000,1784174880000,1784175840000
2026-07-15,HDFCBANK,SEED,BUY,818.500000,2.630000,840.026550,815.000000,-0.430000,1784097480000,1784108100000
2026-07-15,INDIAGLYCO,SEED,BUY,1152.000000,5.030000,1209.945600,1141.500000,-0.910000,1784092260000,1784107980000
2026-07-15,PAISALO,SEED,BUY,73.400000,3.540000,75.998360,74.180000,1.060000,1784088180000,1784092020000
2026-07-14,NATIONALUM,SEED,BUY,364.850000,8.260000,394.986610,366.150000,0.360000,1784010060000,1784020620000
2026-07-13,TRIVENI,SEED,BUY,478.000000,7.740000,514.997200,479.200000,0.250000,1783915440000,1783933860000
2026-07-10,SUZLON,SEED,BUY,54.150000,3.420000,56.001930,53.960000,-0.350000,1783658820000,1783676520000
2026-07-10,RAIN,SEED,BUY,206.460000,3.170000,213.004782,206.600000,0.070000,1783656000000,1783673700000
2026-07-10,BSOFT,SEED,BUY,282.400000,6.230000,299.993520,288.400000,2.120000,1783656180000,1783658520000
2026-07-09,ANANTRAJ,SEED,BUY,560.450000,8.840000,609.993780,566.000000,0.990000,1783575480000,1783587900000
2026-07-09,GOKULAGRO,SEED,BUY,214.190000,7.380000,229.997222,217.100000,1.360000,1783572060000,1783574580000
2026-07-09,SUVEN,SEED,BUY,322.800000,3.780000,335.001840,327.000000,1.300000,1783568940000,1783569540000
2026-07-08,CHENNPETRO,SEED,BUY,1122.100000,5.160000,1180.000360,1110.000000,-1.080000,1783494660000,1783502040000
2026-07-08,STOVEKRAFT,SEED,BUY,787.000000,4.190000,819.975300,798.000000,1.400000,1783482600000,1783483800000
2026-07-07,TMPV,SEED,BUY,343.650000,7.670000,370.007955,344.100000,0.130000,1783402560000,1783415160000
2026-07-02,SONATSOFTW,SEED,BUY,280.800000,10.400000,310.003200,273.000000,-2.780000,1782971160000,1782984120000
2026-07-01,PNB,SEED,BUY,107.910000,8.420000,116.996022,106.930000,-0.910000,1782884580000,1782897660000
2026-06-30,SHILPAMED,SEED,BUY,603.650000,9.330000,659.970545,614.000000,1.710000,1782798900000,1782807540000
2026-10-01,TIMEX,APPENDED,BUY,717.000000,3.910000,745.034700,722.750000,0.800000,0,0
2026-10-05,TIMEX,APPENDED,BUY,733.000000,3.680000,759.974400,739.100000,0.830000,0,0
2026-10-05,WSTCSTPAPR,APPENDED,BUY,727.200000,3.140000,750.034080,719.000000,-1.130000,0,0
